{
    "mAP@0.5": 0.01298701113172568,
    "mAP@0.5:0.95": 0.003801463465223423,
    "precision": 0.057803468208092484,
    "recall": 0.06493506493506493,
    "f1_score": 0.061162079510703356,
    "total_gt": 154,
    "total_pred": 173,
    "true_positives": 10,
    "false_positives": 163,
    "false_negatives": 144
}